group,function,value,throughput_num,throughput_type,sample_measured_value,unit,iteration_count
str_literal_conversion,to_string,long string: U0eXV8aOYRRXHjmoLb9qYgxN3NpkjzhKmofVJVq1ZnhlC8DBCn5DMbnB90XkYMCA,,,1095786.0,ns,83417
str_literal_conversion,to_string,long string: U0eXV8aOYRRXHjmoLb9qYgxN3NpkjzhKmofVJVq1ZnhlC8DBCn5DMbnB90XkYMCA,,,2012656.0,ns,166834
str_literal_conversion,to_string,long string: U0eXV8aOYRRXHjmoLb9qYgxN3NpkjzhKmofVJVq1ZnhlC8DBCn5DMbnB90XkYMCA,,,3399106.0,ns,250251
str_literal_conversion,to_string,long string: U0eXV8aOYRRXHjmoLb9qYgxN3NpkjzhKmofVJVq1ZnhlC8DBCn5DMbnB90XkYMCA,,,3704847.0,ns,333668
str_literal_conversion,to_string,long string: U0eXV8aOYRRXHjmoLb9qYgxN3NpkjzhKmofVJVq1ZnhlC8DBCn5DMbnB90XkYMCA,,,5665428.0,ns,417085
str_literal_conversion,to_string,long string: U0eXV8aOYRRXHjmoLb9qYgxN3NpkjzhKmofVJVq1ZnhlC8DBCn5DMbnB90XkYMCA,,,5783769.0,ns,500502
str_literal_conversion,to_string,long string: U0eXV8aOYRRXHjmoLb9qYgxN3NpkjzhKmofVJVq1ZnhlC8DBCn5DMbnB90XkYMCA,,,6432105.0,ns,583919
str_literal_conversion,to_string,long string: U0eXV8aOYRRXHjmoLb9qYgxN3NpkjzhKmofVJVq1ZnhlC8DBCn5DMbnB90XkYMCA,,,7910251.0,ns,667336
str_literal_conversion,to_string,long string: U0eXV8aOYRRXHjmoLb9qYgxN3NpkjzhKmofVJVq1ZnhlC8DBCn5DMbnB90XkYMCA,,,8431522.0,ns,750753
str_literal_conversion,to_string,long string: U0eXV8aOYRRXHjmoLb9qYgxN3NpkjzhKmofVJVq1ZnhlC8DBCn5DMbnB90XkYMCA,,,9398732.0,ns,834170
str_literal_conversion,to_string,long string: U0eXV8aOYRRXHjmoLb9qYgxN3NpkjzhKmofVJVq1ZnhlC8DBCn5DMbnB90XkYMCA,,,12979386.0,ns,917587
str_literal_conversion,to_string,long string: U0eXV8aOYRRXHjmoLb9qYgxN3NpkjzhKmofVJVq1ZnhlC8DBCn5DMbnB90XkYMCA,,,14978261.0,ns,1001004
str_literal_conversion,to_string,long string: U0eXV8aOYRRXHjmoLb9qYgxN3NpkjzhKmofVJVq1ZnhlC8DBCn5DMbnB90XkYMCA,,,16253379.0,ns,1084421
str_literal_conversion,to_string,long string: U0eXV8aOYRRXHjmoLb9qYgxN3NpkjzhKmofVJVq1ZnhlC8DBCn5DMbnB90XkYMCA,,,17673849.0,ns,1167838
str_literal_conversion,to_string,long string: U0eXV8aOYRRXHjmoLb9qYgxN3NpkjzhKmofVJVq1ZnhlC8DBCn5DMbnB90XkYMCA,,,18811862.0,ns,1251255
str_literal_conversion,to_string,long string: U0eXV8aOYRRXHjmoLb9qYgxN3NpkjzhKmofVJVq1ZnhlC8DBCn5DMbnB90XkYMCA,,,20090358.0,ns,1334672
str_literal_conversion,to_string,long string: U0eXV8aOYRRXHjmoLb9qYgxN3NpkjzhKmofVJVq1ZnhlC8DBCn5DMbnB90XkYMCA,,,17120087.0,ns,1418089
str_literal_conversion,to_string,long string: U0eXV8aOYRRXHjmoLb9qYgxN3NpkjzhKmofVJVq1ZnhlC8DBCn5DMbnB90XkYMCA,,,16864837.0,ns,1501506
str_literal_conversion,to_string,long string: U0eXV8aOYRRXHjmoLb9qYgxN3NpkjzhKmofVJVq1ZnhlC8DBCn5DMbnB90XkYMCA,,,17451218.0,ns,1584923
str_literal_conversion,to_string,long string: U0eXV8aOYRRXHjmoLb9qYgxN3NpkjzhKmofVJVq1ZnhlC8DBCn5DMbnB90XkYMCA,,,18749288.0,ns,1668340
str_literal_conversion,to_string,long string: U0eXV8aOYRRXHjmoLb9qYgxN3NpkjzhKmofVJVq1ZnhlC8DBCn5DMbnB90XkYMCA,,,19456088.0,ns,1751757
str_literal_conversion,to_string,long string: U0eXV8aOYRRXHjmoLb9qYgxN3NpkjzhKmofVJVq1ZnhlC8DBCn5DMbnB90XkYMCA,,,20036910.0,ns,1835174
str_literal_conversion,to_string,long string: U0eXV8aOYRRXHjmoLb9qYgxN3NpkjzhKmofVJVq1ZnhlC8DBCn5DMbnB90XkYMCA,,,20583148.0,ns,1918591
str_literal_conversion,to_string,long string: U0eXV8aOYRRXHjmoLb9qYgxN3NpkjzhKmofVJVq1ZnhlC8DBCn5DMbnB90XkYMCA,,,21904806.0,ns,2002008
str_literal_conversion,to_string,long string: U0eXV8aOYRRXHjmoLb9qYgxN3NpkjzhKmofVJVq1ZnhlC8DBCn5DMbnB90XkYMCA,,,22541116.0,ns,2085425
str_literal_conversion,to_string,long string: U0eXV8aOYRRXHjmoLb9qYgxN3NpkjzhKmofVJVq1ZnhlC8DBCn5DMbnB90XkYMCA,,,23447703.0,ns,2168842
str_literal_conversion,to_string,long string: U0eXV8aOYRRXHjmoLb9qYgxN3NpkjzhKmofVJVq1ZnhlC8DBCn5DMbnB90XkYMCA,,,24773702.0,ns,2252259
str_literal_conversion,to_string,long string: U0eXV8aOYRRXHjmoLb9qYgxN3NpkjzhKmofVJVq1ZnhlC8DBCn5DMbnB90XkYMCA,,,25571223.0,ns,2335676
str_literal_conversion,to_string,long string: U0eXV8aOYRRXHjmoLb9qYgxN3NpkjzhKmofVJVq1ZnhlC8DBCn5DMbnB90XkYMCA,,,26973039.0,ns,2419093
str_literal_conversion,to_string,long string: U0eXV8aOYRRXHjmoLb9qYgxN3NpkjzhKmofVJVq1ZnhlC8DBCn5DMbnB90XkYMCA,,,27388466.0,ns,2502510
str_literal_conversion,to_string,long string: U0eXV8aOYRRXHjmoLb9qYgxN3NpkjzhKmofVJVq1ZnhlC8DBCn5DMbnB90XkYMCA,,,28350721.0,ns,2585927
str_literal_conversion,to_string,long string: U0eXV8aOYRRXHjmoLb9qYgxN3NpkjzhKmofVJVq1ZnhlC8DBCn5DMbnB90XkYMCA,,,29272110.0,ns,2669344
str_literal_conversion,to_string,long string: U0eXV8aOYRRXHjmoLb9qYgxN3NpkjzhKmofVJVq1ZnhlC8DBCn5DMbnB90XkYMCA,,,30614826.0,ns,2752761
str_literal_conversion,to_string,long string: U0eXV8aOYRRXHjmoLb9qYgxN3NpkjzhKmofVJVq1ZnhlC8DBCn5DMbnB90XkYMCA,,,31010125.0,ns,2836178
str_literal_conversion,to_string,long string: U0eXV8aOYRRXHjmoLb9qYgxN3NpkjzhKmofVJVq1ZnhlC8DBCn5DMbnB90XkYMCA,,,31994248.0,ns,2919595
str_literal_conversion,to_string,long string: U0eXV8aOYRRXHjmoLb9qYgxN3NpkjzhKmofVJVq1ZnhlC8DBCn5DMbnB90XkYMCA,,,33207553.0,ns,3003012
str_literal_conversion,to_string,long string: U0eXV8aOYRRXHjmoLb9qYgxN3NpkjzhKmofVJVq1ZnhlC8DBCn5DMbnB90XkYMCA,,,35236850.0,ns,3086429
str_literal_conversion,to_string,long string: U0eXV8aOYRRXHjmoLb9qYgxN3NpkjzhKmofVJVq1ZnhlC8DBCn5DMbnB90XkYMCA,,,37851463.0,ns,3169846
str_literal_conversion,to_string,long string: U0eXV8aOYRRXHjmoLb9qYgxN3NpkjzhKmofVJVq1ZnhlC8DBCn5DMbnB90XkYMCA,,,36149498.0,ns,3253263
str_literal_conversion,to_string,long string: U0eXV8aOYRRXHjmoLb9qYgxN3NpkjzhKmofVJVq1ZnhlC8DBCn5DMbnB90XkYMCA,,,48807351.0,ns,3336680
str_literal_conversion,to_string,long string: U0eXV8aOYRRXHjmoLb9qYgxN3NpkjzhKmofVJVq1ZnhlC8DBCn5DMbnB90XkYMCA,,,51853522.0,ns,3420097
str_literal_conversion,to_string,long string: U0eXV8aOYRRXHjmoLb9qYgxN3NpkjzhKmofVJVq1ZnhlC8DBCn5DMbnB90XkYMCA,,,40251931.0,ns,3503514
str_literal_conversion,to_string,long string: U0eXV8aOYRRXHjmoLb9qYgxN3NpkjzhKmofVJVq1ZnhlC8DBCn5DMbnB90XkYMCA,,,39337579.0,ns,3586931
str_literal_conversion,to_string,long string: U0eXV8aOYRRXHjmoLb9qYgxN3NpkjzhKmofVJVq1ZnhlC8DBCn5DMbnB90XkYMCA,,,40413389.0,ns,3670348
str_literal_conversion,to_string,long string: U0eXV8aOYRRXHjmoLb9qYgxN3NpkjzhKmofVJVq1ZnhlC8DBCn5DMbnB90XkYMCA,,,40963775.0,ns,3753765
str_literal_conversion,to_string,long string: U0eXV8aOYRRXHjmoLb9qYgxN3NpkjzhKmofVJVq1ZnhlC8DBCn5DMbnB90XkYMCA,,,42407623.0,ns,3837182
str_literal_conversion,to_string,long string: U0eXV8aOYRRXHjmoLb9qYgxN3NpkjzhKmofVJVq1ZnhlC8DBCn5DMbnB90XkYMCA,,,43342721.0,ns,3920599
str_literal_conversion,to_string,long string: U0eXV8aOYRRXHjmoLb9qYgxN3NpkjzhKmofVJVq1ZnhlC8DBCn5DMbnB90XkYMCA,,,43633704.0,ns,4004016
str_literal_conversion,to_string,long string: U0eXV8aOYRRXHjmoLb9qYgxN3NpkjzhKmofVJVq1ZnhlC8DBCn5DMbnB90XkYMCA,,,45584280.0,ns,4087433
str_literal_conversion,to_string,long string: U0eXV8aOYRRXHjmoLb9qYgxN3NpkjzhKmofVJVq1ZnhlC8DBCn5DMbnB90XkYMCA,,,45757293.0,ns,4170850
str_literal_conversion,to_string,long string: U0eXV8aOYRRXHjmoLb9qYgxN3NpkjzhKmofVJVq1ZnhlC8DBCn5DMbnB90XkYMCA,,,46705631.0,ns,4254267
str_literal_conversion,to_string,long string: U0eXV8aOYRRXHjmoLb9qYgxN3NpkjzhKmofVJVq1ZnhlC8DBCn5DMbnB90XkYMCA,,,47755251.0,ns,4337684
str_literal_conversion,to_string,long string: U0eXV8aOYRRXHjmoLb9qYgxN3NpkjzhKmofVJVq1ZnhlC8DBCn5DMbnB90XkYMCA,,,48306252.0,ns,4421101
str_literal_conversion,to_string,long string: U0eXV8aOYRRXHjmoLb9qYgxN3NpkjzhKmofVJVq1ZnhlC8DBCn5DMbnB90XkYMCA,,,50178433.0,ns,4504518
str_literal_conversion,to_string,long string: U0eXV8aOYRRXHjmoLb9qYgxN3NpkjzhKmofVJVq1ZnhlC8DBCn5DMbnB90XkYMCA,,,51043493.0,ns,4587935
str_literal_conversion,to_string,long string: U0eXV8aOYRRXHjmoLb9qYgxN3NpkjzhKmofVJVq1ZnhlC8DBCn5DMbnB90XkYMCA,,,51238242.0,ns,4671352
str_literal_conversion,to_string,long string: U0eXV8aOYRRXHjmoLb9qYgxN3NpkjzhKmofVJVq1ZnhlC8DBCn5DMbnB90XkYMCA,,,52067582.0,ns,4754769
str_literal_conversion,to_string,long string: U0eXV8aOYRRXHjmoLb9qYgxN3NpkjzhKmofVJVq1ZnhlC8DBCn5DMbnB90XkYMCA,,,52968959.0,ns,4838186
str_literal_conversion,to_string,long string: U0eXV8aOYRRXHjmoLb9qYgxN3NpkjzhKmofVJVq1ZnhlC8DBCn5DMbnB90XkYMCA,,,53988613.0,ns,4921603
str_literal_conversion,to_string,long string: U0eXV8aOYRRXHjmoLb9qYgxN3NpkjzhKmofVJVq1ZnhlC8DBCn5DMbnB90XkYMCA,,,56015603.0,ns,5005020
str_literal_conversion,to_string,long string: U0eXV8aOYRRXHjmoLb9qYgxN3NpkjzhKmofVJVq1ZnhlC8DBCn5DMbnB90XkYMCA,,,55907668.0,ns,5088437
str_literal_conversion,to_string,long string: U0eXV8aOYRRXHjmoLb9qYgxN3NpkjzhKmofVJVq1ZnhlC8DBCn5DMbnB90XkYMCA,,,57867368.0,ns,5171854
str_literal_conversion,to_string,long string: U0eXV8aOYRRXHjmoLb9qYgxN3NpkjzhKmofVJVq1ZnhlC8DBCn5DMbnB90XkYMCA,,,57674607.0,ns,5255271
str_literal_conversion,to_string,long string: U0eXV8aOYRRXHjmoLb9qYgxN3NpkjzhKmofVJVq1ZnhlC8DBCn5DMbnB90XkYMCA,,,59896886.0,ns,5338688
str_literal_conversion,to_string,long string: U0eXV8aOYRRXHjmoLb9qYgxN3NpkjzhKmofVJVq1ZnhlC8DBCn5DMbnB90XkYMCA,,,59686483.0,ns,5422105
str_literal_conversion,to_string,long string: U0eXV8aOYRRXHjmoLb9qYgxN3NpkjzhKmofVJVq1ZnhlC8DBCn5DMbnB90XkYMCA,,,61714484.0,ns,5505522
str_literal_conversion,to_string,long string: U0eXV8aOYRRXHjmoLb9qYgxN3NpkjzhKmofVJVq1ZnhlC8DBCn5DMbnB90XkYMCA,,,61683724.0,ns,5588939
str_literal_conversion,to_string,long string: U0eXV8aOYRRXHjmoLb9qYgxN3NpkjzhKmofVJVq1ZnhlC8DBCn5DMbnB90XkYMCA,,,62975293.0,ns,5672356
str_literal_conversion,to_string,long string: U0eXV8aOYRRXHjmoLb9qYgxN3NpkjzhKmofVJVq1ZnhlC8DBCn5DMbnB90XkYMCA,,,63047407.0,ns,5755773
str_literal_conversion,to_string,long string: U0eXV8aOYRRXHjmoLb9qYgxN3NpkjzhKmofVJVq1ZnhlC8DBCn5DMbnB90XkYMCA,,,64191987.0,ns,5839190
str_literal_conversion,to_string,long string: U0eXV8aOYRRXHjmoLb9qYgxN3NpkjzhKmofVJVq1ZnhlC8DBCn5DMbnB90XkYMCA,,,64779539.0,ns,5922607
str_literal_conversion,to_string,long string: U0eXV8aOYRRXHjmoLb9qYgxN3NpkjzhKmofVJVq1ZnhlC8DBCn5DMbnB90XkYMCA,,,65523386.0,ns,6006024
str_literal_conversion,to_string,long string: U0eXV8aOYRRXHjmoLb9qYgxN3NpkjzhKmofVJVq1ZnhlC8DBCn5DMbnB90XkYMCA,,,67418891.0,ns,6089441
str_literal_conversion,to_string,long string: U0eXV8aOYRRXHjmoLb9qYgxN3NpkjzhKmofVJVq1ZnhlC8DBCn5DMbnB90XkYMCA,,,70415520.0,ns,6172858
str_literal_conversion,to_string,long string: U0eXV8aOYRRXHjmoLb9qYgxN3NpkjzhKmofVJVq1ZnhlC8DBCn5DMbnB90XkYMCA,,,68567458.0,ns,6256275
str_literal_conversion,to_string,long string: U0eXV8aOYRRXHjmoLb9qYgxN3NpkjzhKmofVJVq1ZnhlC8DBCn5DMbnB90XkYMCA,,,70818751.0,ns,6339692
str_literal_conversion,to_string,long string: U0eXV8aOYRRXHjmoLb9qYgxN3NpkjzhKmofVJVq1ZnhlC8DBCn5DMbnB90XkYMCA,,,70812653.0,ns,6423109
str_literal_conversion,to_string,long string: U0eXV8aOYRRXHjmoLb9qYgxN3NpkjzhKmofVJVq1ZnhlC8DBCn5DMbnB90XkYMCA,,,71763233.0,ns,6506526
str_literal_conversion,to_string,long string: U0eXV8aOYRRXHjmoLb9qYgxN3NpkjzhKmofVJVq1ZnhlC8DBCn5DMbnB90XkYMCA,,,73015661.0,ns,6589943
str_literal_conversion,to_string,long string: U0eXV8aOYRRXHjmoLb9qYgxN3NpkjzhKmofVJVq1ZnhlC8DBCn5DMbnB90XkYMCA,,,72893490.0,ns,6673360
str_literal_conversion,to_string,long string: U0eXV8aOYRRXHjmoLb9qYgxN3NpkjzhKmofVJVq1ZnhlC8DBCn5DMbnB90XkYMCA,,,73690246.0,ns,6756777
str_literal_conversion,to_string,long string: U0eXV8aOYRRXHjmoLb9qYgxN3NpkjzhKmofVJVq1ZnhlC8DBCn5DMbnB90XkYMCA,,,74884699.0,ns,6840194
str_literal_conversion,to_string,long string: U0eXV8aOYRRXHjmoLb9qYgxN3NpkjzhKmofVJVq1ZnhlC8DBCn5DMbnB90XkYMCA,,,77185006.0,ns,6923611
str_literal_conversion,to_string,long string: U0eXV8aOYRRXHjmoLb9qYgxN3NpkjzhKmofVJVq1ZnhlC8DBCn5DMbnB90XkYMCA,,,77395388.0,ns,7007028
str_literal_conversion,to_string,long string: U0eXV8aOYRRXHjmoLb9qYgxN3NpkjzhKmofVJVq1ZnhlC8DBCn5DMbnB90XkYMCA,,,78126353.0,ns,7090445
str_literal_conversion,to_string,long string: U0eXV8aOYRRXHjmoLb9qYgxN3NpkjzhKmofVJVq1ZnhlC8DBCn5DMbnB90XkYMCA,,,79210176.0,ns,7173862
str_literal_conversion,to_string,long string: U0eXV8aOYRRXHjmoLb9qYgxN3NpkjzhKmofVJVq1ZnhlC8DBCn5DMbnB90XkYMCA,,,80093691.0,ns,7257279
str_literal_conversion,to_string,long string: U0eXV8aOYRRXHjmoLb9qYgxN3NpkjzhKmofVJVq1ZnhlC8DBCn5DMbnB90XkYMCA,,,81025151.0,ns,7340696
str_literal_conversion,to_string,long string: U0eXV8aOYRRXHjmoLb9qYgxN3NpkjzhKmofVJVq1ZnhlC8DBCn5DMbnB90XkYMCA,,,82178955.0,ns,7424113
str_literal_conversion,to_string,long string: U0eXV8aOYRRXHjmoLb9qYgxN3NpkjzhKmofVJVq1ZnhlC8DBCn5DMbnB90XkYMCA,,,82426246.0,ns,7507530
str_literal_conversion,to_string,long string: U0eXV8aOYRRXHjmoLb9qYgxN3NpkjzhKmofVJVq1ZnhlC8DBCn5DMbnB90XkYMCA,,,83385656.0,ns,7590947
str_literal_conversion,to_string,long string: U0eXV8aOYRRXHjmoLb9qYgxN3NpkjzhKmofVJVq1ZnhlC8DBCn5DMbnB90XkYMCA,,,84908781.0,ns,7674364
str_literal_conversion,to_string,long string: U0eXV8aOYRRXHjmoLb9qYgxN3NpkjzhKmofVJVq1ZnhlC8DBCn5DMbnB90XkYMCA,,,85441293.0,ns,7757781
str_literal_conversion,to_string,long string: U0eXV8aOYRRXHjmoLb9qYgxN3NpkjzhKmofVJVq1ZnhlC8DBCn5DMbnB90XkYMCA,,,85511394.0,ns,7841198
str_literal_conversion,to_string,long string: U0eXV8aOYRRXHjmoLb9qYgxN3NpkjzhKmofVJVq1ZnhlC8DBCn5DMbnB90XkYMCA,,,90025782.0,ns,7924615
str_literal_conversion,to_string,long string: U0eXV8aOYRRXHjmoLb9qYgxN3NpkjzhKmofVJVq1ZnhlC8DBCn5DMbnB90XkYMCA,,,87871786.0,ns,8008032
str_literal_conversion,to_string,long string: U0eXV8aOYRRXHjmoLb9qYgxN3NpkjzhKmofVJVq1ZnhlC8DBCn5DMbnB90XkYMCA,,,89606242.0,ns,8091449
str_literal_conversion,to_string,long string: U0eXV8aOYRRXHjmoLb9qYgxN3NpkjzhKmofVJVq1ZnhlC8DBCn5DMbnB90XkYMCA,,,90160690.0,ns,8174866
str_literal_conversion,to_string,long string: U0eXV8aOYRRXHjmoLb9qYgxN3NpkjzhKmofVJVq1ZnhlC8DBCn5DMbnB90XkYMCA,,,93502016.0,ns,8258283
str_literal_conversion,to_string,long string: U0eXV8aOYRRXHjmoLb9qYgxN3NpkjzhKmofVJVq1ZnhlC8DBCn5DMbnB90XkYMCA,,,92068673.0,ns,8341700
